element,0,1,2,3,4,5,6,7,8,9,10,11,12,13,14,15,16,17,18,19,20,21,22,23,24,25,26,27,28,29,30,31,32,33,34,35,36,37,38,39,40,41,42,43,44,45,46,47,48,49,50,51,52,53,54,55,56,57,58,59,60,61,62,63
H,-5.7534637,-3.5315616,-3.0373719,0.14166263,-1.6200178,0.9036644,6.502133,1.6680067,17.94854,-3.180668,-8.446812,1.0319083,-0.5312486,3.8648715,3.040355,2.7987094,0.025176039,-7.5782247,3.471631,-1.4558936,-1.5002375,1.9938308,4.209762,0.23352328,17.608229,3.669432,-0.16694447,2.6039007,9.479599,4.240446,0.7270949,0.23666517,-1.8898853,-1.7688259,11.740423,-4.1904483,2.259267,0.8518199,-0.1746573,1.8164381,-4.426369,-11.73223,-5.618365,1.9148132,0.5960817,0.49347174,0.33815393,-11.844514,2.2666757,-9.128478,5.943507,-4.0229397,1.8550175,-6.606311,-0.75457287,2.7195177,-1.7840275,-3.1173465,2.0525994,-3.8620906,3.6401465,4.993165,-0.40199533,2.784339
He,0.17264545,-3.0460544,-4.3655367,4.1419716,-1.529743,6.864762,-2.487724,5.775511,5.324316,-7.3983088,-5.210269,3.5472178,2.0773382,-1.7425025,-0.1268096,4.328992,-1.3435526,-0.71453625,5.2230873,2.4962928,-1.9363496,4.193304,3.5269895,-5.1367474,11.130032,-4.741248,-1.451474,-2.4931996,5.6106772,-0.32904604,-1.9282788,1.5039905,-2.278595,1.0971603,5.6459675,1.83199,-0.7782798,5.707307,-5.7535357,2.1698184,-2.5652409,-6.7931404,-3.6345744,-1.1554984,-1.2596786,1.909121,-4.7761984,-7.3928003,0.32342935,-3.0378928,1.9003253,0.7424456,-5.3491716,0.15196401,1.0750543,-1.3818831,2.4023871,-2.4405546,-5.545959,0.26182055,1.8257891,1.1182275,1.6897453,1.4667366
Li,-1.1223898,-5.1650257,-5.027832,4.5833364,-2.1801975,-0.44447765,7.272219,0.44372255,3.1620696,1.9501448,-8.1552725,3.1515658,-0.6972407,1.0901445,1.2595723,-2.8722572,-0.026938004,-4.27858,1.4452546,-1.2744508,0.15962386,0.6910919,0.15009706,0.3991983,16.391129,1.7911072,-3.224578,0.47330585,2.1601443,1.7899503,-1.8322784,-2.7748106,-1.9536473,4.3665247,0.7400159,-1.2629467,1.0199113,0.59206355,-1.3972317,-2.6253238,-3.8413467,-11.63965,-4.4268107,2.1343014,-0.063117124,3.7304938,0.5846148,-5.912375,1.5071454,-5.3968387,1.6389633,-0.4693928,-1.712651,-6.5907927,-0.8630105,6.1152415,-3.0962842,2.4284446,-4.602225,3.0997553,2.1293046,4.36121,2.2681103,0.3361521
Be,3.4124172,-1.5366763,-4.6646047,4.867272,-0.25013325,3.409168,3.3326266,-3.4867895,8.5317545,-0.08414094,-11.113428,3.5335786,-0.7697733,-2.0569806,2.9399488,2.9330168,2.1846914,-3.7408967,-0.7562923,6.9465985,0.60229254,-1.7177523,2.363274,0.65031534,13.026262,-0.8185172,0.10630479,2.6959589,1.5765237,-0.51312006,-4.348811,11.693999,-9.69407,5.787765,0.45095465,4.220854,-1.2199042,1.0855235,5.801089,-0.32456562,0.7424692,-4.8942966,-6.4307084,-2.022316,1.6906334,2.2359357,4.305872,-5.1198616,-0.60131645,-3.7363865,6.2274246,-6.9460516,0.028611856,-5.578432,7.3889136,3.0954359,-5.8810906,0.44846162,4.233373,1.4736847,-2.6418862,6.3686237,6.3064923,2.021831
B,-9.7866335,-6.5409174,-4.4333477,6.437131,2.7736669,0.7249844,-1.7632658,-4.130252,3.3714325,4.0756984,-5.702661,0.2912715,-3.1756911,-2.4880862,-3.665591,-0.2460942,-0.8939717,-10.036793,-2.368374,9.120431,3.9737322,3.5592618,0.19024989,1.9055449,12.721329,3.6874535,-4.15386,3.0419044,-3.676473,1.706476,4.846786,9.13976,-4.534597,0.3862358,9.832422,7.0048685,3.7669828,3.4195065,4.040879,-0.13898057,-0.113405146,-3.3651106,-6.6231256,1.1313038,1.3913032,0.591389,4.4527044,-1.5156013,-3.9598598,-3.4327803,7.2383776,-6.6202025,-4.46164,-4.8150477,3.6059763,1.2134402,5.3560176,-2.224013,-2.8670516,-2.2662446,-0.23811425,5.797948,-0.5367686,1.4183884
C,-4.480829,-0.73039126,-8.493346,2.1757605,0.27037174,3.736013,-1.6092077,-0.22443299,7.1135793,0.13822097,-6.6794276,1.7190514,-0.64240354,-2.021065,3.5139174,-3.8346603,-0.60862494,-0.04800691,3.4047058,2.5973754,-1.4378772,-6.488556,-0.17520651,0.08996231,9.059289,3.3826613,0.8221841,3.697234,3.548858,1.694482,0.449976,7.977857,1.3632035,5.5459447,8.089357,1.0281973,-2.351125,-1.0585407,4.9750667,1.593569,3.0455532,-3.748687,-11.155815,4.5512524,-0.024731774,0.60226077,0.89472467,4.148416,3.1485968,-0.2206068,0.4896676,-1.4426428,-0.86553764,-5.633455,2.9405837,0.76096594,0.64816636,1.0271798,-4.0280533,2.4096406,4.631963,5.652012,-2.513125,0.55092704
N,-5.738765,1.5344669,-5.871069,4.1042566,2.5516202,-0.022829821,-3.8617558,-2.543539,5.6948814,1.2266212,-8.45911,2.1447003,-1.0770242,2.6989145,3.3818088,-1.179654,-1.4115304,-2.745351,6.012683,1.4729582,-0.5391355,-5.3734574,0.27081102,3.0051193,10.027036,1.67932,-0.91102606,-0.9189372,-0.004308135,0.39519215,4.2473216,9.5910225,2.6640916,0.4432583,10.694541,2.8014464,1.6561294,0.7759627,4.0821543,3.1255927,2.1100311,-0.095101684,-7.9633937,-0.19299287,0.33868107,1.6432506,4.6806593,-7.778523,3.1716275,-2.6063502,2.2667215,-2.1844258,0.4786544,-5.816387,4.61584,3.4788582,-2.7577307,-1.1049298,-6.040384,2.9181392,4.4525304,5.1427617,0.32656655,5.385207
O,-3.453273,-0.025287444,-1.763752,4.074743,0.6630689,0.05218721,-3.6541307,-0.990047,4.79493,0.5633095,-3.070759,-0.6784973,0.31668782,2.735469,0.6448278,-0.29536152,-1.9388422,-2.3785365,-0.4607188,1.4139941,-1.2937516,-1.8816446,1.2025521,0.94771177,9.699045,0.04147504,-0.054293215,0.7467015,-2.4605758,2.6488793,3.1409132,16.207104,-0.28369975,1.3076669,10.268819,2.7676928,1.6869363,2.6013467,0.17356545,-0.76699924,0.66635036,-1.2962922,-5.7503276,3.0631359,1.0286086,1.4743823,3.788968,-9.742387,2.9668384,-2.9631119,2.3898585,0.21725933,1.3526168,-3.2743523,3.547223,0.87902725,-0.95210403,-0.90430063,-3.038805,-1.3241054,1.2717422,4.6128035,0.8416211,1.8781251
F,-2.1960013,0.72694147,-0.67142856,3.9577973,1.1133039,0.62643635,-4.5415573,-0.26228282,3.9452062,0.9553277,-4.2827992,-0.083665624,1.2203672,2.857558,1.0653188,2.4648128,-1.955712,-2.2819052,-0.8721923,0.9780669,-0.07900773,-0.8830153,2.6232998,0.7413876,10.096768,-0.83948284,-1.1596721,0.09079621,-0.70547795,1.5279187,0.19701509,12.103135,1.0724375,2.2313368,9.512667,0.7910157,4.0913005,-0.7828173,0.6243723,0.13316496,-1.1489553,0.43313864,-5.1947346,3.4186618,1.177997,0.571043,0.576608,-13.263509,1.3025298,-4.2235527,1.4470594,-1.2190347,1.2834576,-1.8587015,1.6841041,-4.332222,1.4069569,-0.03604679,-0.98271966,0.076615095,2.6198618,3.8669345,1.0317178,1.442452
Na,0.7704418,-6.3231287,-4.7610273,3.9198923,-1.7139028,-2.5540502,2.8192065,1.1236856,4.8268614,3.201762,-7.420685,1.5329204,0.296038,1.5926998,-1.0712223,0.3754152,-1.8535695,-4.255606,2.269936,-7.8125625,-1.017337,1.4734653,1.377692,0.29593727,14.223472,1.5749903,-3.4666228,0.5262926,-1.018346,0.896537,-0.16263796,0.28958794,0.47388765,0.92061526,-0.12220011,-1.3711585,3.0350127,-0.27219176,0.45975184,-1.0152982,-4.884005,-9.166062,-3.135137,1.6395898,-0.36398274,3.5345318,0.37735897,3.2321427,4.559727,-3.1934454,1.4148642,-1.1022196,0.1852866,-5.695962,1.260084,3.2194781,0.71131873,2.3266695,-5.725257,-0.6422492,1.4697738,3.1973403,-1.5674884,3.8033774
Mg,-2.1327791,1.2678719,-5.722638,0.865668,-0.58150506,1.0816821,4.6860337,2.1387541,7.3978333,-1.0233544,-4.4612126,3.698947,-2.810501,4.1791654,-0.115992256,-2.121032,-1.4067047,-4.221445,-0.8963084,-4.374085,1.0687715,0.8403734,-2.1196492,1.0459442,9.650221,-0.08139967,-0.33214545,1.3827474,-5.151918,0.3116022,-3.2514656,5.6232243,-2.2728498,2.6480625,0.033434745,1.1617742,1.3582102,0.8955862,1.6078445,1.9526464,-2.444831,-3.3759522,1.2035731,0.5702439,0.16667962,4.037549,1.3117197,-2.1206553,2.9451518,-5.0853243,1.2696593,-1.5750625,-1.492477,-7.283954,4.245809,0.8694886,-6.1930866,1.9201593,-3.5513575,2.3917296,-0.97900814,2.3237913,-2.6142495,-0.72592485
Al,-0.36853892,1.5677099,-4.1171637,2.3901012,-0.78329957,-0.49006578,5.838682,-1.7233084,8.843695,2.582827,-4.7404766,2.0062704,-1.6868283,0.57628214,1.1268164,-2.1439474,1.060637,-3.315752,-2.6242623,3.1762583,4.6978383,-0.43538943,-1.8938712,1.8084961,6.6939845,-2.346791,4.421188,-0.19009532,-4.056751,1.9454433,1.3254343,8.390169,-2.920827,0.96032935,3.7934873,1.361058,4.919125,3.9970183,-1.1818365,1.1545908,-2.559444,-6.646619,-6.6397133,2.1145737,3.7606142,0.7687269,0.5730057,-6.7956223,1.2302054,-4.497145,3.776974,0.27647758,-3.5991435,-5.6364403,6.1508293,2.8723655,-4.7206364,-1.0219376,-2.475295,3.3827853,-0.5456893,2.8834257,1.7214501,0.68034214
Si,-2.9964914,2.0729754,-5.8859234,0.55546963,-0.59948975,0.33512524,0.11931145,-3.2651823,6.606899,2.5231526,-5.346187,-0.36434904,0.060085393,-1.4389906,1.16287,0.7827907,2.9288363,-2.8372989,-0.6978661,6.098549,-1.3954018,2.2812567,2.6330009,1.8335158,8.952895,-3.280001,0.96435004,-1.0749614,-8.250869,3.4513206,3.7708006,6.261642,-5.392041,3.4164798,7.6229324,1.6467613,3.829384,0.06782481,1.0199784,0.389043,-3.6396673,-3.9683065,-9.138865,2.3166249,0.05426336,0.7685643,3.468916,-4.7543335,2.0105252,-6.1880975,5.0952315,1.1445516,-1.366872,-6.856357,6.6312227,6.5855,-0.85329413,-0.5574067,-0.68803287,1.9613608,-2.1854486,1.8816725,3.5750127,1.8903112
P,-3.6788976,3.3114154,-4.8959155,1.4567757,0.670383,0.7337304,0.1347828,-3.4631536,10.35022,2.9941397,-3.6851373,-0.40569484,1.0735316,1.6916718,-1.3895682,-3.453144,0.97189766,-5.1031604,0.05882814,5.0644507,-2.3953326,2.131561,1.0519714,2.1228325,9.029152,-0.32686996,-0.0038163816,1.9837902,-4.045733,3.085359,2.7208052,5.7753825,-1.4505286,4.5556574,9.4659195,1.0245564,2.8562603,1.7354865,0.06789053,0.25811723,-2.3087955,-1.6519586,-9.305756,2.2024455,1.3801003,4.4702206,6.9958124,1.1169997,-0.1538948,-1.0185215,3.3830864,-2.1171567,-0.8898336,-1.5116115,3.043481,1.7769822,-2.0797608,1.8922242,-2.7986147,-1.1830564,0.59441924,4.0218463,3.4457445,4.8164015
S,-4.716248,0.7923837,-4.476697,3.2682755,2.5308325,2.736426,-0.43831465,-1.8626002,5.8208303,2.3286955,-3.2034037,0.5921472,-0.70732963,0.26745778,-1.2361715,-1.5007615,-0.9098046,-1.5165057,-0.75372386,3.1623824,-1.448158,0.041075215,2.992417,2.5152595,7.6261826,0.63662285,-0.17750216,3.12565,-5.171427,3.5956347,4.850206,4.3358746,-0.65407217,2.9438906,12.425656,0.51652586,2.803082,-0.9786878,2.7593215,1.5392126,2.4264777,-3.812395,-6.4230556,4.0725517,0.4810203,3.1745713,5.480076,-6.738351,0.1427757,-1.1360952,2.8774695,-1.160102,2.7493937,-4.459888,-0.7223147,1.645747,-6.12827,-2.741811,-1.199307,-0.6644658,0.8057318,5.8972874,0.9797,2.6403027
Cl,0.05400117,-1.1250745,-1.1324742,2.1112883,0.3217994,0.3130218,-2.0032055,-1.0550145,3.6300285,1.0073127,-4.9749722,-1.5346316,-0.3157532,-2.4940875,-3.4868853,-1.4439305,-2.999672,1.5017287,-0.07707613,-0.1611462,-0.102504306,-1.2105179,1.6159478,0.5881224,7.9081874,0.8031378,-1.4280853,1.573984,-5.4986887,1.9377432,3.1303444,5.2241373,0.90533006,1.5901265,8.825205,0.6456262,2.9755404,1.2852001,2.1693265,3.739751,0.5363497,-1.0082871,-5.713996,1.857364,0.8489193,-0.23991619,3.6033707,-10.886483,0.36620235,-2.794916,0.65772384,0.8832,0.31317276,-1.5357602,-0.68462974,1.2426425,-6.0406976,0.7054217,2.7679677,2.0744772,-1.0830238,4.246483,1.818096,0.24543434
K,3.1871927,-3.9082522,-3.5449896,2.6467469,-0.3539422,-0.89513683,1.9092001,-0.19598451,7.825569,1.9928988,-5.0354147,-0.65721035,-1.4200228,2.064616,-3.456275,1.1689506,-0.8534448,-0.49007794,1.7157778,-9.34425,-0.57872164,1.6498454,2.6169367,0.476498,11.91745,0.92704254,-3.8243055,-0.4472484,-0.08484512,2.8685098,4.80017,1.0925128,0.29213917,-1.1590345,-1.6767771,-0.5740202,5.653544,-0.2057968,1.3045374,-1.6300814,-2.7964354,-5.141547,-3.104604,0.60018873,3.2921157,2.528789,2.581903,5.7202363,3.2393897,-3.3443704,1.8239412,-1.6675076,1.0955604,-4.9454856,1.6834378,3.5807703,3.0464664,0.3054438,-2.8004327,-0.62075794,0.32441372,1.5904938,-2.95591,1.731839
Ca,-1.4426696,-1.4615701,-2.6992579,0.9724883,0.60837233,0.24466752,0.752288,2.368393,6.5196085,-0.14442575,-5.3336396,1.6689966,1.3662059,5.181431,-1.4196545,-1.0668793,-0.58961046,-3.543109,-0.54180974,-7.055647,0.26721033,-0.2197023,-2.4087718,1.6671151,9.796502,4.7811494,-2.2391253,-0.08128684,-4.065787,0.92520946,2.9388993,1.4139316,1.7253759,-0.75368,-1.7258745,-3.1422215,6.882034,-1.8824865,0.48841798,0.77932256,-1.1154877,-6.101063,-0.16813204,0.73573136,2.4727368,4.7699337,-0.97101295,5.2145395,-1.0492752,-2.7363822,0.35073662,-1.1323693,-2.9239304,-3.3595326,1.4256585,2.4761388,-1.4080805,1.6249484,-4.077923,2.5655122,-1.0117643,2.4395761,-0.48652962,2.8636274
Sc,-2.9518995,1.2378919,-2.0687594,-0.48777395,0.022452986,-0.0035229567,3.2966876,0.77919686,7.500744,2.1572924,-6.9622,6.523839,-4.2388463,3.6053345,0.96873116,0.1745102,-3.232239,-5.288007,-1.2151414,-0.44730666,-0.07964998,-1.5625933,-2.465401,-1.4510128,7.682642,2.472997,0.43847358,-0.21485828,-8.139261,2.5870245,1.5084846,0.065861195,-2.0281057,-0.8793864,-5.5139494,-3.277229,8.989515,-0.014540723,0.6764428,-0.52689314,-0.02565382,-2.5226004,0.54531765,-3.104977,0.055275477,1.5746417,3.0808015,-4.192878,0.23687235,-2.35217,1.1089187,-0.9574556,1.5567193,-3.9869723,5.5328636,2.5465162,0.85109067,-0.12603988,-3.539689,2.7369854,-0.71744794,3.9170525,0.2830021,-3.82429
Ti,-4.6559362,2.511165,-10.1695385,3.44809,-1.5297241,-4.5895224,6.1818976,-0.18285742,3.2759304,3.2326696,-7.023823,1.0419352,-5.7101865,4.5025125,-2.370654,3.2505586,0.8801689,-4.071565,-2.1469154,-2.3362527,0.24455272,0.0821275,-4.540273,-2.0368652,11.760488,-0.098304234,1.5340439,0.69370246,-6.1946344,-0.32694185,0.2488263,0.98070437,-2.2231853,2.8121538,-2.716971,-3.318013,6.451066,-2.8853157,-3.9550848,-3.613969,-0.50981915,-2.486225,-6.325693,-1.1362687,-2.9659498,-0.94903785,3.5530467,1.262242,-2.0724733,-0.9604403,2.5774817,-2.0229917,-2.8440301,-4.430361,3.1760752,4.0484495,-1.2902707,-0.03089779,-4.287775,3.319982,-3.197695,1.8077246,0.24456362,-0.37348992
V,-0.37376127,0.7567279,-11.385496,3.409267,-0.60830563,-1.6903665,6.7948728,-2.0342956,8.40257,2.1937702,-7.821847,-0.55866194,-6.368255,1.7009126,-1.0164902,3.0399425,-2.5342288,-4.9594483,-1.2309899,0.35347965,-2.8338702,1.4068993,-2.4081988,-2.4588256,11.763334,5.6861386,-1.1722729,-2.3895102,-3.2533915,2.064988,5.8901987,-1.5389608,1.5530566,7.0924435,-1.3908494,-2.4294782,-0.3301707,1.2354182,2.1667204,-2.4369128,1.9243597,-4.3836412,-6.288363,0.884798,0.75672466,-0.7924769,4.4005117,1.2217236,1.4162612,-2.2852807,3.381656,1.7456177,0.1531933,-2.7630208,1.00725,0.3014632,-0.92447877,1.62674,-0.68620867,3.6139545,-1.6313676,6.867747,-0.014573588,1.0372837
Cr,-5.9142294,-3.642727,-9.151711,1.6407617,-4.267924,2.0935414,2.1794708,0.4915101,9.795978,1.1375605,-9.011217,-0.84146637,-1.803561,1.8622715,-0.6918617,-2.2958148,-1.7026013,-5.9753733,0.79189,-3.2079868,-1.0606757,1.6777843,0.04120049,-2.8925874,9.8047085,-0.5863903,-1.6186304,-2.0484138,-3.6919055,2.8978095,3.658468,-2.7733352,-4.478465,3.9705722,0.6658584,3.6174824,-1.623869,2.2143848,-0.30904594,-4.993925,-1.2944287,-6.515486,-5.469881,4.8551583,1.4052533,-0.62092376,9.6170635,-1.111646,3.1078815,-1.192517,0.14627579,1.8890568,0.6332672,-2.4199786,0.57527786,-2.0147252,-2.9256332,-3.3161728,-1.6183431,6.0931067,-4.2943454,4.7371244,2.7028878,5.0455713
Mn,-3.0744267,-6.6724715,-11.124435,3.4901078,-4.5135927,2.558691,-4.7833633,-2.858703,11.857367,3.6637318,-7.467288,-0.035340212,-2.333271,4.4267564,-1.2751223,-5.3159194,2.4591143,-4.804847,0.21052243,3.0397725,-1.5685128,1.8922182,-1.1295766,-2.1431277,8.549734,1.2517575,-2.109102,1.5831646,-0.66111916,1.275361,4.3293085,-7.699016,-1.2858299,8.154801,1.9385227,-2.787144,-1.3769528,1.4935385,-3.849755,-0.5194182,-0.2295748,-4.646238,-2.4954734,4.4470057,1.1846714,-0.5571813,2.097945,-2.8640122,-0.97902703,-6.7281113,2.9862807,0.6151584,1.3181647,-1.4887601,2.1846774,-1.5909802,-3.9374697,-2.40434,-0.85633266,3.732321,-0.25705925,4.402929,2.133555,2.2656074
Fe,-4.3445554,-1.2170681,-4.9047446,3.9140162,-0.41709942,3.0624366,7.07685,-1.896495,8.780799,-2.2191443,-6.6639376,-1.5435977,0.6595306,0.0987349,-0.34890947,-2.5331063,-0.94012284,-2.8926623,0.8403392,1.0975395,-2.1548412,-0.9495517,-0.30017385,0.3551812,9.043074,2.2985168,-0.99132246,0.07111708,0.15026188,1.1683633,7.7609653,-0.34937933,0.057688948,6.039616,9.87462,-2.1499462,-2.4948823,-3.7789342,-0.76173943,1.0015191,3.66492,-3.1428823,-2.6627843,2.0489209,-2.5833437,0.6442365,1.8124112,-6.704273,3.7644236,-5.274257,7.1962523,-0.9555704,4.1789804,-2.3268924,7.8627453,0.8712915,-3.5377371,-0.63415116,-4.2088056,0.83317363,-1.2346554,6.899952,2.4567354,3.1014628
Co,-1.5772198,-2.5163245,-6.6970778,2.3150342,-1.182106,0.5858936,9.7311,-3.0623195,9.389445,-2.315845,-8.936515,-0.772513,-3.1448555,1.0115436,-0.91116685,-5.0525546,-1.9451913,-0.7186459,-1.0104302,2.0860522,-4.429417,-5.542513,1.2744504,0.4779469,8.510969,1.7682977,-3.7404683,-1.1226202,2.8206124,2.032598,7.2254505,4.2426114,-2.3883934,6.0335937,8.396177,-0.56897926,-1.8414344,-3.1963153,0.36544093,-1.7131568,-0.03692554,-5.065654,-3.0500972,2.6212656,-3.7462513,0.10218896,-0.20383734,-4.5513015,6.2185264,-6.009367,5.4408555,-1.7420713,0.13316716,3.2813783,-1.3106549,-2.3495202,-3.2732313,-1.4253277,-4.8948145,1.7255718,1.5593681,3.7079947,2.236617,2.9982026
Ni,-3.212845,-1.3870875,-4.747089,3.4236066,-1.7167544,4.7946596,5.6640606,-1.0288264,9.834079,1.382532,-6.8629475,-0.59108245,-3.5527265,-0.9464932,-1.6963607,-3.5103502,-2.4509518,0.59873307,0.17991473,0.21605067,-6.3529325,-3.1263933,-0.35624552,-1.4355493,6.566653,-3.7490776,-4.362036,0.5430026,3.9842567,0.60187745,3.2157965,0.008134282,-0.8302836,3.0397758,9.975925,-1.4005831,-5.500025,-5.8524127,3.3955748,-2.3597145,0.19486508,-7.873748,-4.299325,3.7897806,0.21834277,-0.86520153,3.8699946,-5.648899,3.3391283,-10.207763,1.8466871,-2.1536572,0.26619172,-1.2047927,5.6548257,1.2572833,-6.5557313,-0.06517901,-4.4399242,2.2161112,7.4760303,4.3409233,2.136236,3.5679953
Cu,1.396532,1.0935564,-7.819215,3.7908313,0.4183665,5.8834424,4.153436,-4.7848754,8.100349,1.2642802,-8.550345,2.5450242,-0.46117795,-1.1601552,1.1808544,-0.15545917,-1.8614279,4.191473,-0.90817845,0.7167689,-5.631915,-5.0525823,3.2468786,1.9718386,7.7953815,-1.4440334,-6.483811,3.9366517,3.760614,0.45063692,6.351181,2.12675,1.054688,4.6696706,6.804872,-2.2459521,-4.791104,-0.36232033,0.43267748,0.5692476,-3.4990456,-12.462614,-1.6487293,3.7711601,-2.7646694,-1.938841,2.6327488,-7.5382953,2.5156667,-3.1921158,-1.5855879,-0.57395285,-3.653236,-2.2632637,7.909918,-1.8709347,-5.294312,-1.3858168,-3.9561787,-1.1089269,0.18192774,7.175424,0.4589015,2.648524
Zn,-2.1344416,-1.9528137,-4.858493,3.2031486,1.3555224,-0.0022072375,2.0808601,-2.768346,11.660372,-3.163437,-5.857079,5.131423,0.73961055,0.59615964,-2.42056,2.864956,-4.2299213,2.3517547,-0.2364463,-1.0485448,-2.7914107,-3.303651,-0.7493551,1.5994668,8.481734,0.3704434,2.2623365,4.4609966,-0.31621766,2.9965527,4.5155826,1.1489162,1.5740684,2.3531392,8.364942,1.9169428,0.2367166,-0.9609724,5.902196,-1.7829359,-3.4906843,-6.915687,2.1263502,3.641604,0.7697524,3.519613,-0.18745083,-4.141112,2.9556742,-2.676827,3.1494296,-1.4529622,-3.020427,0.19501676,7.6522617,2.5626276,-5.9212575,0.99839956,-2.8713686,2.869583,2.1449907,5.4430428,-1.476467,3.1682224
Ga,-1.5875729,-1.106643,-2.7638354,1.6362494,0.7132728,-1.2005875,2.9020612,0.67677027,10.379816,1.5362835,-3.8225987,3.2001667,-1.6290272,0.040070064,-0.7252619,0.70546514,-2.2089338,-0.8494467,1.5910795,0.7952571,-2.2984645,-2.0257819,-4.2932734,4.7246704,4.353639,-2.5194588,4.1729746,1.6604937,-4.582648,0.9878932,3.3828852,1.8731534,-0.90143174,4.271984,9.6226,2.0308976,1.5362067,-0.5273985,-1.5070887,-1.3962698,-2.1029406,-6.5294294,-0.9552102,2.0366695,-1.4785235,-1.6922932,1.0239819,-2.3783853,1.2628218,-2.42553,1.3850678,-1.3591539,-4.0452533,-2.450815,4.913975,2.9586184,-4.192251,-0.42016345,0.19977553,0.6866407,-0.7545217,5.572923,0.6315375,2.6538007
Ge,-3.4543912,0.9358281,-3.5210512,2.5072508,-0.62689793,-0.75465167,2.6198392,-3.2068665,10.492431,5.427172,-4.151035,0.86048514,-0.98574364,-1.0651301,2.0598822,0.37590155,-0.86285394,-2.7444856,-0.7059615,2.715498,-3.918322,-1.8895217,-2.0024877,4.135489,4.214847,0.7195681,1.3186191,-0.95383185,-4.842972,2.1560805,3.5502672,1.8999124,0.28141636,5.8678293,12.500171,3.549416,3.5009499,-1.8162483,-1.0294702,0.24933214,-0.36986113,-8.561458,-3.8673139,1.8515954,0.7232897,-1.9629172,3.7152512,-4.7448735,3.831457,-3.592541,1.2111902,-0.00014905406,-1.7904191,-5.0758853,3.5232272,3.1149397,-1.1085569,0.3425291,-0.61718035,-0.46613827,0.030755682,2.4975076,1.898686,1.8346332
As,-3.8414202,6.114578,-4.9850836,0.73241264,-3.560079,2.0443616,2.811427,-0.86805165,10.08495,3.691703,-5.979814,-0.61904526,2.03975,0.77128315,-0.5278827,-2.8115323,0.4351465,0.4119494,-0.18418096,2.8032975,-5.487677,-1.5279173,-1.170152,0.17563489,4.1892624,3.8116357,-0.30379337,1.9112376,-2.5431488,0.7469173,2.2459905,1.6289251,2.4912217,4.966508,12.632791,4.8021293,6.2124896,-0.6253681,1.2230291,0.5275004,0.7438981,-7.199299,-6.9950614,2.8214884,1.4347742,0.7233401,4.2955174,-1.8729343,3.4934733,-2.0441484,1.9689729,-3.1271586,-0.8710414,-4.28395,0.77951634,-0.18331976,-1.1972202,-0.17835517,-0.8241291,-0.32961905,2.165654,5.0864153,3.3740826,1.2403269
Se,-1.1331056,2.4648798,-4.5261664,3.7774699,1.1130986,2.758254,2.0455964,-1.4169315,6.272823,4.478498,-3.585614,-1.6090925,0.7119739,2.5329893,-1.4663672,-2.9137676,-1.5378497,-2.144468,-1.5924661,0.7101642,-4.316962,-0.22847208,1.847248,1.7043167,7.4585543,3.2564435,0.65389097,2.0239596,-4.449168,3.9646435,2.2447476,2.3869917,0.669293,-0.24638702,12.816735,2.6369183,3.0882556,0.9218795,3.4790795,0.9482584,2.7580829,-6.217021,-10.555669,3.258708,-0.24394742,-0.71841115,-0.15659876,-1.3463017,0.26944107,-4.7605762,2.425067,-0.85454553,2.1987224,-6.0838637,1.6293337,-0.4498258,-7.6562004,-2.7561111,-1.7216396,-0.33719927,2.1797714,4.454607,2.782029,2.8538995
Br,0.16995312,0.68507975,0.2850206,2.650081,0.25954616,2.2536237,-0.58291876,-0.34934312,4.1589813,2.7414393,-4.8324404,-2.284499,-0.38621044,-1.8229845,-1.5285834,-1.7373544,-3.917132,-0.6400445,-1.935472,0.1731733,-2.8653238,-1.1587552,1.3484095,-0.07009743,6.918077,0.5766759,-2.7709627,1.124313,-6.2781825,5.4507737,1.5759127,0.2974242,3.3528266,1.0416659,11.174325,0.7979746,2.1498594,3.2338998,0.52330744,2.2958872,-1.2223562,-2.5688267,-7.799549,0.2732903,-0.10519015,-0.46441296,0.69957334,-5.5927224,1.3158356,-4.010969,-0.9656388,-1.5076523,2.6757941,-3.2731776,2.4348261,0.4401421,-3.280572,0.28098506,0.54880005,3.213269,1.2301587,4.9426517,3.185626,1.6722684
Kr,4.893412,-0.02594391,0.73111826,6.0692315,0.7823427,2.3330534,2.024731,0.5564559,3.5706666,-1.6437169,-7.949304,-3.7245228,-2.092196,1.860823,-0.21521743,1.5950018,1.422926,-1.6833824,1.5053353,-1.5001503,-1.6588727,-5.9916778,5.7802453,1.9557047,10.198356,-0.15338695,-2.0902731,5.034108,5.1806927,3.415775,0.45061007,2.4721577,5.5710716,0.5897785,9.05448,0.44148266,2.984441,-2.179925,2.6988146,3.3448799,-4.86361,-3.3786867,-4.8741703,7.1950088,-0.8292896,2.3731143,4.7617135,-0.17027652,-0.08709633,-6.1613007,2.252735,-6.674168,1.5322504,-3.7670405,6.058313,1.0186471,-2.4295156,-2.97631,-3.6917999,3.99035,4.0727754,10.933555,-2.751819,6.772098
Rb,4.0607204,-1.7139702,-3.4549127,2.4969168,-0.82577384,-0.37371016,2.3555112,0.84558976,9.173684,3.269086,-4.284736,-2.60935,-1.6249892,0.46933487,-3.5848858,1.119362,1.1628405,0.8318038,1.3741019,-9.293958,0.26203263,1.2837892,2.0484118,-0.031858783,10.879001,1.2533627,-4.347442,0.15373053,1.464477,2.0750608,4.7507806,0.1377399,0.37858135,-0.8895622,-2.893645,0.09052454,5.8952265,0.68508404,0.6662964,-2.1644497,-1.3079036,-3.0230334,-3.896153,0.44373128,3.1295059,3.5126932,2.8282769,5.0550046,5.037213,-3.3272908,1.3691816,-2.5556958,0.44335213,-4.276348,0.6854861,3.0550463,2.8149722,-2.4505904,-0.531087,-0.98879033,-0.057521015,0.7693816,-2.6442833,1.7981373
Sr,-1.4272058,-1.8036627,-2.5183444,1.4418497,1.6708162,0.7676509,0.11135379,1.4794534,5.8923817,2.2444603,-4.797078,-0.90768516,0.6939188,3.5427284,-2.2439585,-1.2611966,-0.1447859,-2.0223372,0.09651152,-8.928107,0.93103516,-0.65580547,-0.59643227,0.88627917,10.438785,4.442367,-1.87793,-0.22726677,-3.1224067,1.7084683,3.8890698,-1.1737375,1.5732406,-1.1519161,-2.2166743,-2.3440795,5.729691,-0.7213535,1.2901744,0.6945,-0.22734717,-3.8138442,-1.9148971,0.27878547,3.1246574,4.0969343,-0.05528148,6.3173923,0.3701486,-4.4865255,-0.69287723,-1.1048279,-1.4764094,-2.463889,1.0834466,2.9551468,0.70175505,1.9135717,-2.42852,-0.71998215,-0.61341304,1.1325035,-1.5805771,4.050047
Y,-2.0900686,1.0702195,-1.2860755,1.4099874,0.081345364,0.7076928,0.72334874,0.31676033,6.912384,2.5762703,-5.256292,3.6485775,-0.92013544,4.493364,-1.7406204,-0.996546,-0.085101984,-4.499931,-0.6034408,-5.1997647,0.6451891,-0.560106,-2.3625357,1.1615539,6.8451176,3.6745553,-0.4325231,-0.8638219,-7.3347473,3.1117022,0.7687587,-1.1730195,-1.5456231,-4.269822,-3.9832902,-4.560242,9.337784,0.107984066,0.64790857,0.92425793,1.8697996,-3.8877218,1.0392312,-2.7999258,-0.13263953,2.4120338,2.6523929,-1.6532215,1.1457759,-0.92590785,-1.0341761,-0.113676615,-0.33440584,-4.479667,4.189947,1.6344259,2.179261,1.4251086,-3.60345,0.6507577,-1.572725,3.6886802,-1.1798079,-0.62729275
Zr,-3.1992197,-0.21411912,-4.73768,1.6285728,-0.44894674,-0.02871283,2.853723,0.11397572,4.961097,3.5333717,-5.415964,3.3531835,-2.732636,1.2876148,1.5337563,0.21885966,0.07905018,-3.6055446,-1.5356188,-3.5285172,1.250719,-1.0663791,-2.364892,-3.143204,6.901426,1.9754872,1.383963,-1.6159487,-9.620369,-1.2110798,0.18175535,-0.8317086,-1.1918838,-2.6423233,-2.996963,-2.8349605,8.275954,-0.76452094,-3.758068,-1.5333707,2.1621995,0.02686682,-0.6952084,-1.7403419,-2.1460435,3.00819,0.55449903,0.76973367,1.9559513,-0.43178073,-0.28861576,1.2049912,-3.4681997,-3.8863266,4.9639053,1.6372138,0.857489,2.1571078,0.24673033,1.8952693,-0.96070445,5.671433,-0.6577529,0.45931768
Nb,-4.404538,-1.0431669,-3.4288313,3.2580957,-1.700695,-1.049134,3.7181966,-2.1258183,4.237698,0.2723299,-6.308024,1.6615282,-6.6235394,2.4429715,-0.50049007,0.41286248,2.6110952,-3.2030377,-5.546169,-1.8887112,-2.2851205,-2.2504976,-2.6388948,-2.2857869,9.353947,-0.06190491,-1.8719338,-4.495568,-8.604704,0.021155749,0.28494617,0.9706138,0.654241,2.1786726,-2.0460382,-0.46878278,4.017904,-1.4238831,-3.7236722,-1.481776,-0.3331563,-4.306848,-5.8642097,1.9191889,-2.7923977,2.6721354,0.8720047,3.5798268,0.6808129,1.9031198,0.31611282,4.5910935,-2.7727678,-4.282347,3.2121813,3.0111685,-2.3993614,0.6318133,-0.41840696,4.9183497,-1.172474,2.9775975,1.216818,1.1183958
Mo,-1.4789935,-0.53989804,-2.4766486,1.6969748,-2.713966,-2.9973931,2.5231428,-0.745476,7.850603,0.13569103,-8.127074,-0.0030070392,-6.4975376,1.277836,-0.97777617,-0.2201133,0.35879257,-2.7442129,0.472907,1.1674857,-2.4217248,-0.23810917,-3.7590506,-2.757063,5.2656555,2.5312405,-0.28403112,-0.19808713,-3.51279,-0.6283405,2.7124474,-2.7893925,3.7316206,2.5001972,1.9778913,-1.6785934,0.3287342,2.2417786,0.16964233,-3.9542885,2.0437305,-3.6059933,-9.343066,2.6854022,-2.482426,-0.25188392,3.8834958,1.0584853,3.0995226,-2.5526624,2.9431753,4.6761913,-3.506458,-2.0755813,1.9753141,-1.4993132,-1.8470651,-1.9087061,-0.7892277,0.3201965,-0.18592766,2.104327,-1.7212509,0.3291507
Tc,-3.1792686,5.3168125,-2.536674,1.6882514,-3.4287,-1.7555668,-0.3092724,-5.4906936,9.123937,3.5548308,-12.866092,-3.117462,-3.2844086,1.0490369,0.06369345,0.008558264,-5.022042,-1.6953058,1.6133407,-0.3547387,-4.3820653,-6.1056128,-1.7920998,-2.0942762,7.608381,0.1736342,-0.34275064,0.642871,-2.5184126,5.8007727,1.4090835,1.4266727,2.501536,3.7262387,-3.8362443,0.34645513,-1.4674729,1.8433368,1.9748071,1.4134171,7.852523,1.3512665,-3.4149258,1.1646991,-1.2370456,3.8355837,2.1892457,-2.1796458,0.74671304,-1.0904273,4.423032,2.74895,-2.3648024,5.3422117,0.027933842,-1.6770718,-1.6266861,-1.5319088,0.28674918,-2.7257445,2.8968706,1.8809382,-0.20555852,-2.0132222
Ru,-1.1625131,3.9823196,-4.6234355,2.4180367,-5.365811,1.6219012,1.9561664,-3.1263297,5.845657,-0.005449655,-8.579478,-4.1258826,-6.379772,3.1652915,-3.7458224,-0.7003187,-5.2692103,-1.3143066,-1.4804816,-1.976398,-0.84556395,-7.660003,2.4282947,1.8396025,6.6570406,0.50765944,-0.4262229,3.0743682,0.9824707,3.1358025,0.9746807,0.18163885,5.5394306,3.075725,6.781717,0.25173026,-2.3607767,-0.2666137,0.56763595,-0.48649737,0.8925395,-2.9362862,-4.2667723,4.631563,-2.769617,0.68827564,5.5433,-6.3584733,1.5152975,-4.8350925,1.2177241,3.4727447,-0.2855747,0.22694254,1.5330299,1.8992288,-1.6790094,0.7070953,-5.894598,-2.095549,1.1982495,4.5977464,2.3683503,2.7865784
Rh,-1.9201661,0.4534127,-5.4812384,1.411446,-1.696425,2.229901,2.5678196,-3.2713253,6.422541,-0.09410618,-8.040388,-2.375384,-4.7177367,3.908309,0.42146388,-4.2081804,-2.443993,0.41306233,-0.22671618,-3.6351745,-0.9127436,-8.401294,3.4560075,1.2945958,6.882743,-2.9812033,-3.5708017,-1.4776698,0.77698636,3.8885658,0.094947904,-0.92917764,4.736705,4.821539,8.8398695,1.9960264,-4.6814723,-0.32118037,1.8111578,-0.63305396,-0.00045138257,-4.3410635,-9.13937,5.4467382,-1.2488476,-1.962143,3.8246925,-7.057416,4.234551,-4.6371965,-0.19126776,0.054080885,1.0351342,1.536259,4.7559237,1.3675618,-3.4109333,-1.0458418,-2.4330955,-2.3077908,2.08922,3.7398329,2.2928846,1.244332
Pd,-0.32580176,0.22131719,-3.4048538,3.1788523,-1.119299,2.0264184,-0.2766558,-4.5796723,7.0027604,-1.1762934,-7.887648,-2.483243,-8.182085,0.1596102,-0.56046176,-3.2268066,-3.2004056,-0.74933815,-2.2362785,-2.388421,-2.1761196,-4.766472,3.1000717,-0.98611057,6.8071923,-3.0428717,-3.353695,-1.7859683,1.8512561,1.1995869,2.344236,-1.1254407,5.044817,5.0952024,11.998218,-0.29106978,-3.3545966,-1.9738454,-0.042972263,1.4409417,0.052684087,-7.4918933,-6.288225,4.550782,0.7411884,-0.052666206,1.122661,-5.9823246,6.3007407,-3.7262175,-3.111708,-2.2296307,1.2377582,-0.038118776,6.509066,1.2541279,-3.7510452,-0.09132067,-5.1120405,-3.223038,2.1171134,4.2652946,0.48087072,0.7313439
Ag,2.1705542,0.6864925,-7.0984006,2.6035783,-1.0522238,0.26233074,1.5550414,-3.6363475,7.793404,2.608691,-9.319244,-0.29943046,-1.0655822,-2.2455835,0.0771901,-2.1912246,0.40265307,3.8116357,0.80696255,-5.95357,-4.597176,-3.6490402,3.1718886,-1.2134638,6.4445367,-0.6755795,-4.9172125,-2.3080041,4.7402577,2.5488765,0.7264018,-1.5526572,3.850737,3.9329069,8.883398,-1.4052323,-1.5187043,-0.23877475,2.0376542,2.2048993,-3.0274887,-5.4801683,-0.9815291,2.7596118,-4.3082094,1.8118244,-1.2088524,-2.0792108,5.475441,0.034704905,-1.2817266,-2.6132615,-3.8892822,-2.5139067,8.50056,-2.0845404,-2.7369695,-2.8830228,-5.157787,-5.8838153,-0.089875154,7.1432104,-0.74391556,1.0045574
Cd,-1.1944185,-0.31066144,-4.5948524,3.5313966,-0.40462252,0.5384755,1.2569909,-2.3222077,11.48685,-1.5043383,-5.7318583,3.633141,-1.602983,2.3536372,-2.0789847,3.1985493,-0.25040236,0.29135492,0.9690261,-4.400168,2.1291673,-3.5424745,-0.978971,1.2770903,7.478262,-0.288735,0.8337,2.9384234,-0.9016823,5.305319,5.518327,-1.7404113,3.6385791,2.6891165,7.425854,1.4970642,-0.40258098,-0.9454877,5.4873257,-1.2426187,-2.3412097,-4.9861174,1.459217,3.0120041,-0.0021970882,2.1325219,-1.648361,0.1690475,5.5910983,-0.953429,-1.7319908,-1.4417444,-3.2979114,0.08926438,5.1558495,0.30436411,-4.183232,1.395772,-1.732141,-1.9108692,1.8016775,2.9092815,-2.5034225,0.71041894
In,-2.6331286,0.44161594,-0.9943085,3.3783011,-0.27539134,1.9682177,1.3898951,-0.24641797,10.84429,2.2840173,-3.8899019,2.1511676,-1.6653463,1.986652,-1.211476,3.8056068,-0.054983642,-1.0546632,1.8643708,-1.2874542,0.36530226,-3.754312,-1.4733906,3.4524033,4.146093,-2.9377997,2.5428467,1.6000634,-4.4080825,4.092558,3.4373422,-2.5533297,0.6971646,2.6440604,9.068074,0.34560442,2.5505178,-1.2986306,1.1818608,-1.1563798,-1.9775897,-2.2147746,-1.3344103,2.0027547,-0.0926747,-0.25387788,-0.8062329,0.23315613,3.6232295,-2.540387,-0.59695536,-1.4504654,-0.87134576,-3.939713,3.574568,2.4558246,-3.1142368,-1.2005255,-4.839404,-1.1697917,0.1289801,5.16331,-4.443659,1.0245036
Sn,-1.9509087,-1.7960684,0.39374748,4.270463,0.0921122,3.3335128,0.19693479,0.8384111,10.530991,2.9401255,-4.558594,0.8656458,-1.3696344,1.7853267,-1.1721283,0.14761375,1.2891872,-0.06933792,1.2114552,-0.54183954,-4.393814,-3.0523276,0.23022702,4.8088765,2.7045636,0.27032676,1.2236993,-0.6207234,-6.357908,-0.8447004,0.4489775,-2.6568983,1.4867625,3.1025863,10.143241,-2.1115556,4.6918545,0.28790903,-1.8828264,-0.34430405,-0.54140174,-0.6556991,-5.758516,0.4139708,1.7690264,-0.83500725,-0.31260502,-0.22140859,4.230009,-0.560377,0.79441416,-0.81190085,-1.0921614,-3.8345714,2.7098734,2.6850264,-2.6763372,-0.017327692,-4.409907,-0.62339795,-2.8868167,3.6153226,-4.7326427,2.0353756
Sb,-2.964413,0.5130426,-0.36680725,6.169147,-1.3559262,4.536147,-0.08754001,-0.421156,10.127615,3.7890244,-5.132505,-1.6482223,-1.1613108,1.9028579,0.61467093,0.2647302,1.8278793,3.1194677,-0.13761805,0.29377982,-2.9636903,-1.9897182,0.32111534,-0.7653826,5.3947425,1.6988459,1.2980917,1.9306142,-5.4567337,-0.23915273,1.8166049,-1.267508,1.7775837,4.333587,10.250955,-0.6450855,1.1852719,1.8730035,-1.1067852,1.2833757,1.0458455,-3.957326,-6.2883277,3.8221846,1.8783581,0.93128103,2.7418818,0.6874658,5.908368,-1.3203968,2.2807367,-1.7914902,0.94759136,-4.0110955,-0.052248687,-1.9479922,-3.5594835,1.8682553,-4.9763265,-0.84596634,-0.49448752,6.006797,0.6890464,0.7191486
Te,-2.4040635,3.0373833,-3.2272413,5.3638678,-0.84125787,3.3591294,-0.8940699,-2.1686401,6.1527686,1.6644622,-5.04353,-3.2388349,2.2216282,2.4379687,0.25089058,0.18096602,0.5931596,1.1892835,-1.197933,-1.7894309,-1.7741283,-1.7111496,1.7794225,0.7796322,7.5369153,3.3544545,-0.05290882,0.9637952,-11.796204,3.142472,1.7149457,-0.8280012,-0.5099657,3.8742216,11.645308,-0.4089699,-1.1041136,0.50520486,0.41800308,0.8116669,-0.8989231,-7.3819594,-9.819524,3.995291,0.18796445,1.7170488,2.2925537,1.4859236,3.7231336,-2.1917312,6.082623,-0.7742618,2.3334308,-5.3276668,3.779519,-2.3926442,-3.851437,-1.7528436,-2.5079932,-0.7450869,3.5103064,4.8476014,1.4519114,1.0792962
I,-2.2701225,2.074102,4.0226417,3.0392668,-0.704362,2.2996807,0.36572984,-2.1575813,3.0301318,4.338019,-5.2581315,-2.442618,-0.6092597,0.7572783,0.045408066,-1.5745643,-3.5306401,0.576606,-2.9533858,-0.6172192,-2.4752064,-2.7764084,1.0814579,-0.99887407,8.265772,2.7843919,-1.7571574,0.6079501,-9.878882,4.818991,2.7263596,-2.6798618,-0.3971163,3.1166286,10.311899,-1.0919837,-0.41286835,2.0752647,-0.29375488,-0.65561515,-1.4165833,-0.81595796,-10.770187,1.5257325,0.4152008,3.5832324,0.17016615,-2.451733,2.3968453,-5.217187,0.43144408,-2.8570096,2.2643073,-3.678092,2.2430432,-1.9714769,-3.9098756,-0.8758263,-1.9246851,0.7970743,0.8606386,3.616776,0.041817397,0.9258642
Xe,0.23431635,5.117649,0.06439507,3.9833975,1.3348624,-4.8793635,-0.78586787,-3.5612519,1.9176834,0.45370865,-3.7952495,-12.493626,4.412036,-6.470356,-2.9303257,-5.2647257,2.6829782,7.3650527,5.773369,-4.751189,-6.0917706,-7.3720474,4.6714277,-4.6477103,7.882704,-1.7452866,-2.2890525,2.2760365,-6.679708,1.1597807,2.5365274,-7.3603415,5.523823,8.634583,-2.5257537,-2.6472533,-7.003281,1.2979056,1.0007571,-2.7992616,-2.4953468,-1.8015785,-9.886619,7.9972086,-4.0120926,-4.839047,4.444794,7.4562435,3.0879877,-3.5618265,0.25117147,2.8142266,5.2871284,1.0989248,-7.6756263,-3.6595378,-13.300995,-3.6557074,-2.739976,-1.0445129,3.1081288,9.151657,0.51097715,-2.987566
Cs,4.8882756,0.7219988,-3.8396647,1.7746842,1.5066401,1.7648711,1.2726365,1.3699741,8.656605,2.3758552,-2.7024424,-4.5649843,-3.437513,0.79301196,-2.6632204,2.7212627,2.861133,2.4770179,-0.42554268,-5.9438767,2.0001214,2.4248772,2.1303055,0.43288144,11.234454,1.0215288,-5.3978453,-0.6364419,1.4320757,2.1413856,5.932761,-1.9662493,0.24988703,1.232118,-1.7070459,-0.83599144,6.542691,1.8918996,-2.0264595,-4.509044,0.5732729,-2.9636152,-5.211002,2.528128,1.2171421,5.5840664,4.1075993,4.6670523,5.1223946,-2.3176126,-0.15261859,-2.295953,-2.4216542,-3.960188,-0.40856025,2.8434577,1.73545,-3.8177235,0.67204183,1.7449424,1.1183954,0.7299836,-2.6572585,1.1383944
Ba,-1.0704181,0.77452326,-2.626418,1.0767585,1.4775563,2.000176,-0.81180155,0.9731442,6.522941,2.2839477,-2.595541,-3.5356467,-2.546691,2.7774007,-3.004959,0.7426348,1.3203886,0.9587832,0.32136294,-6.3974113,3.742111,0.8438854,1.054936,0.39385387,9.540664,4.057345,-3.6773021,-0.6651177,-2.4814262,3.8673139,4.705854,-2.5751703,0.68482304,-0.73114294,-2.536369,-1.348215,6.5455656,0.32547915,-1.6038561,0.8749968,1.9111778,-4.2589297,-4.424772,0.54908603,1.7814022,5.0338097,1.3010542,3.9165597,2.3611484,-3.8794246,-1.9755903,-0.95260894,-1.2232028,-3.1832,2.2406545,5.0298915,1.9329304,-0.9051756,-1.3464979,-1.5064498,-0.59936833,0.16066016,-2.193011,2.4904814
La,-0.8667023,0.9219464,-1.9571681,1.7410833,0.20115031,1.9008887,0.832537,0.4925633,5.446072,0.2381189,-3.3802536,1.0734261,-1.1990895,4.629612,-3.5903957,-0.26381433,3.208529,-3.5161982,-1.0318652,-5.750225,2.4022644,-0.522787,-2.569965,1.0070598,7.587444,5.692703,-0.72402406,-2.8669739,-5.71231,3.0230944,2.7986557,-4.363973,-1.8102607,-0.5582924,-2.7167103,-0.053316973,12.4667015,-0.6618075,0.28834736,0.49995744,3.588638,-3.3211694,-2.248496,-2.2811403,1.7000493,3.5171697,1.1869447,-0.15739748,1.3238535,-1.8521562,-2.8886812,0.47390237,-3.9757817,-5.1116443,2.9724314,1.251811,2.4355068,1.2971442,-0.7721689,1.7125647,-0.5165803,2.7277548,-1.5716625,0.73592025
Ce,-2.122865,1.0578574,-2.9904327,-1.1888599,0.19460028,1.5876333,1.2495111,-0.789318,5.206682,-1.6387275,-4.7544923,0.49954754,-5.887686,2.2737923,-1.3377687,-0.029740233,1.7251815,-3.1082463,-2.8591413,-5.0236464,0.508578,-0.68024147,-5.1171203,5.2960567,7.874609,5.6213017,-1.0208786,-4.616688,-9.573213,0.60834527,2.4296956,-3.784828,-2.2017314,2.2167206,-3.8361447,1.1115805,14.305169,0.625673,-1.1769981,-1.607133,3.7550933,-2.9982357,-3.0822182,-4.138367,-1.2155973,2.1398432,2.6995175,-3.0262675,-2.512915,0.0070157605,-1.6853464,0.1833418,-0.3157149,-6.9683857,5.243634,-1.565545,1.9582947,2.8718388,-2.128221,-2.3478458,0.14043322,-1.1677341,-2.8361285,2.1630235
Pr,-2.8328798,-0.15292987,-2.6697001,3.2145987,0.2570279,-0.15039912,0.6660481,-1.2302417,6.3104715,2.353862,-4.413935,2.3064387,-1.9140435,4.4321437,-3.7184346,-0.10636796,3.6596377,-2.688564,-1.2862813,-8.168433,1.5849187,-0.49674788,-2.622375,0.6760985,6.931949,3.5290785,-0.5238656,-3.2194755,-7.3536954,2.59925,2.72842,-2.7486649,-2.5612514,-1.485468,-2.4211352,-2.5675294,9.87381,-0.66814727,0.9154461,1.5811086,2.7845507,-3.4141607,-0.27670383,-1.5878676,1.2047741,4.9656796,2.5258477,-0.60625124,1.1037272,-0.42575958,-2.6560302,-0.51238626,-1.8616729,-5.578447,4.558014,0.93425757,4.270596,2.266262,0.24227451,-0.6043983,0.08852624,1.6633879,-2.1871593,0.7375982
Nd,-2.3409133,-0.054492578,-3.0180373,3.0808053,0.37870657,0.21985446,0.6622259,-1.1260736,5.82128,2.3303993,-4.350972,2.6506577,-2.009612,4.607579,-3.7931876,-0.5384398,3.6905215,-4.236321,-1.63193,-7.5785065,0.94294345,-0.4082238,-1.9925927,0.41365346,7.2840676,3.5234582,0.2846947,-2.6149533,-7.6797705,2.423271,2.3509572,-2.7793078,-1.7820901,-2.4268203,-2.3946497,-2.7193382,9.281805,-0.1792502,0.47419634,1.5193548,2.9336057,-4.1894026,-0.63547075,-1.6081402,0.5002387,4.23249,2.6467435,-0.66578186,1.2846408,-0.46525884,-3.214976,0.007598096,-2.1430156,-5.0220833,4.6333346,1.4397677,3.1901333,2.2161665,-0.4831152,0.15363982,0.20540962,1.6769676,-1.3890071,0.9898047
Pm,-1.069583,0.09842622,-0.91912776,2.7516148,-0.6793824,-0.83400506,-0.53526354,-0.14135146,7.559916,3.3538206,-4.5695257,4.0618024,-2.6644914,4.7673883,-2.6548307,-0.9892356,1.9687707,-2.0419326,-1.5682609,-7.046348,0.5100549,-0.10292265,-1.0148273,0.6956411,5.9399233,4.3885155,1.9930085,-0.09719287,-5.374311,3.3240244,2.3041213,-3.0973184,-4.7406473,-1.6259247,-3.3566272,-2.8928974,9.880954,0.35008848,1.5752352,2.3803194,4.6066003,-1.1521208,1.5569375,-4.7319884,0.3160281,5.087113,1.0859221,-5.091721,1.9447932,1.2753016,-4.5748453,0.5088209,0.063442245,-3.3398912,6.3450446,1.5722606,3.6552434,3.3964276,-1.6063256,-1.604827,-0.26343754,1.844066,-0.24761567,0.30693194
Sm,-2.8441756,0.14660808,-3.0681589,2.223531,0.35908258,0.049244266,0.80258274,-0.21098298,4.9031534,1.7206676,-4.277812,2.9148846,-1.3787916,5.489175,-3.739321,-0.406695,3.090798,-4.7393174,-1.5403732,-7.0106087,1.0834928,-0.17048761,-2.077506,0.6154791,6.655613,4.0850058,0.58782816,-1.713559,-7.9965487,2.4058778,2.46239,-2.1346493,-1.7634647,-3.1162143,-1.2810742,-2.8552127,9.938946,-0.12987435,0.03633786,0.49740073,3.144139,-4.259571,0.39842752,-1.7804261,0.10463374,5.0120645,1.1940727,-0.4151162,0.34850717,-0.6707912,-3.348184,-0.36069265,-3.007507,-6.072937,4.2861876,1.1559838,3.132175,2.485662,-1.7161621,0.5317822,-0.36742997,2.45805,-1.0173192,0.6756695
Eu,-1.3687037,2.3517475,-0.6530066,-0.14434487,-1.1133249,0.90900517,9.637495,3.3948991,7.347276,-1.4370519,-2.519393,0.85862714,-0.83860606,0.45055446,-2.3871746,2.5485036,-0.9065195,-0.76637626,-3.0510242,-7.2531486,2.749753,1.5881835,0.7563709,10.114668,15.027954,6.0547867,-3.6375391,-1.4007194,-10.543959,-0.60473317,4.4712954,0.82536244,2.940059,2.1146722,-2.2957578,-5.5180697,8.446807,1.9559662,1.6162928,5.3942056,9.721901,-3.7231257,-1.6899283,-0.7574144,-3.1017706,2.3325682,-0.9318358,-0.7502497,-0.25492537,1.887474,-0.8686929,-3.2878907,1.8865927,-1.1744603,4.3338017,1.4434011,5.5168056,1.4019506,-6.10618,-0.6263015,1.6730425,1.0017673,1.3628013,0.9051897
Gd,-4.7125325,0.22663175,-7.65766,3.2060232,1.8198481,0.32208902,-10.0850725,-1.0619489,8.4883175,2.6989837,-5.771373,-0.75319266,-2.2560925,8.221663,-4.3581915,-3.6302125,3.3997266,-7.4695277,-3.190885,-4.415049,-0.44611207,-1.8094909,-3.7304502,-4.9236465,2.836819,6.5563335,0.12181234,-1.2719619,-6.147588,3.2145858,-0.03287182,-7.7750793,-4.678635,-2.7373362,-7.3767543,-1.5145243,11.844202,-4.738334,-3.704544,-5.225857,-2.354015,-6.749923,0.63992256,-2.1389081,3.5897665,4.3614335,1.3357995,-2.8432462,-1.1081796,-5.6829376,-2.1143546,0.41976133,-5.672882,-8.850141,0.27467093,1.4880252,-1.0993407,3.43744,-1.0981655,3.0211623,-3.6108282,3.0484698,-3.1451054,-0.8999297
Tb,-2.8300993,0.07634266,-3.7391458,1.6803204,-0.61804193,0.25085312,1.5855775,-0.34782282,6.0683155,2.271514,-4.3602033,3.451913,-1.8263121,5.5157804,-2.863336,-0.3556786,1.2863389,-3.9335008,-1.1208147,-5.069951,0.85927296,0.3012643,-1.7223475,-0.25847712,6.2938986,4.518436,1.073462,-0.89003485,-8.927943,2.1162007,1.9987627,-0.099838056,-1.0500371,-4.160226,-2.2695515,-3.3099487,9.111674,0.6743799,0.27148342,0.51476955,2.1568055,-4.713636,1.4120817,-2.0002632,-0.6206089,3.578,1.93117,-1.7667621,-0.03615021,-1.5264032,-2.93991,-0.2469133,-0.64764595,-6.218918,4.3080096,1.6207916,2.9478016,2.5433354,-3.027179,0.9104865,-0.764506,3.3905518,-0.9332252,0.084917724
Dy,-2.6589072,0.009767428,-3.5005434,1.5418884,-0.42816103,0.3183312,1.5824491,-0.15336917,5.8086333,2.0276172,-4.6809874,3.1317928,-1.6773547,5.599086,-3.126926,-0.15879293,0.7445703,-5.1544476,-1.1058161,-4.916487,0.52078843,0.068857126,-1.5201463,0.3284177,6.3634295,4.0445967,1.0885152,-1.0307099,-8.488269,1.8936161,2.1649792,0.4608302,-0.5348426,-4.616964,-2.0808554,-3.4450455,9.54773,0.6061645,-0.013891491,0.33031404,2.3262682,-5.144531,0.7256971,-2.1188374,-0.011846696,3.2364428,1.9934187,-0.70734215,0.19154872,-1.9664441,-3.081321,-0.66098374,-0.83144355,-6.159577,4.1252446,1.4934652,1.8997498,2.1608944,-3.2919195,1.0564824,-0.9455878,3.2017388,-0.6217701,-0.12257607
Ho,-2.5664835,0.16042817,-3.7542875,1.5255598,-0.85027903,-0.08821876,1.4904706,0.16931623,5.4337983,2.1413968,-4.8597336,3.4660149,-1.66616,5.6735563,-3.0250354,-0.6526073,0.8749596,-5.2859635,-1.294484,-4.8919516,0.13735715,0.10682264,-1.6806688,0.4772046,6.077798,4.321327,1.667078,-0.7868884,-9.176124,1.6046934,2.2468536,0.32861125,-0.68430024,-4.857138,-1.9265652,-3.383529,10.392845,0.8950795,0.16116211,0.40536267,2.1984375,-5.123938,0.48206773,-3.0266206,0.03365055,3.4982631,1.6672188,-2.0991468,0.02279491,-1.7402533,-2.7031517,-0.7309166,-0.9587595,-6.1326346,4.8172846,1.6633153,1.9703,2.7224188,-3.667019,1.2762102,-0.7434406,2.9579659,-1.3721222,-0.13717762
Er,-2.4905019,0.158341,-4.467028,1.7421836,-0.35136637,0.035416573,1.7957639,0.21140337,5.7465873,2.4601464,-4.506467,3.449971,-1.3444927,4.8948092,-2.360266,-0.66721916,0.57963693,-5.5098352,-2.1545289,-4.318651,-0.13580345,-0.30946785,-1.0903916,0.55176264,6.1874804,4.094434,0.8179377,-1.1307563,-8.720016,1.6697943,1.785583,0.49960786,0.24076399,-4.957576,-2.3737433,-3.723939,9.425093,1.2572402,-0.40632826,0.20030253,2.1209912,-5.4131136,-0.0454693,-2.3616457,-0.70867443,3.2165003,2.084415,-1.8744671,0.4508632,-2.3955688,-2.0704741,-1.0420735,-0.63038766,-6.435758,4.627909,1.420733,1.7098922,2.4237268,-3.259382,1.7152239,-1.3212459,2.964742,-1.3187904,0.08472214
Tm,-2.9871755,-0.050575458,-3.9874356,1.3605785,-0.6219332,0.06574109,1.9998152,0.822919,5.4767666,2.8012204,-4.7692103,3.1565754,-1.3403223,5.8369017,-2.3181455,-0.1634028,0.19072963,-5.4066787,-1.3996694,-3.897852,-0.2002113,-0.06531828,-1.4186776,0.18423206,6.4751863,3.7888772,1.5426229,-0.35741267,-9.116678,1.6601834,2.1513066,0.99322826,-0.10403789,-5.14537,-2.3402207,-3.6412876,9.184052,1.4383857,-0.60231566,0.14066717,2.1144822,-5.801815,0.11521556,-2.3664486,-0.8170623,2.8090496,1.9901364,-1.4911056,0.0859739,-2.8592908,-2.8597167,-0.90139586,-0.7750642,-6.4502068,4.447743,1.6411391,1.2913634,2.2459943,-3.8137016,2.0623403,-1.2386695,2.6960096,-0.7374824,0.11349083
Yb,-0.45214286,-3.7980084,-4.690763,3.5530012,0.5812873,-0.36539108,2.6740696,3.7307298,8.109946,3.4583855,-5.5491786,2.0125458,-2.3717082,7.4380207,-2.2715342,-0.3227957,-2.5237646,-3.300891,-0.6266393,-3.5873764,-4.111649,-0.3822088,1.4208899,1.8874501,9.309037,5.445273,2.0582678,-1.4803495,-5.6214657,-1.1430212,3.113719,2.3019276,-1.1353246,-2.6320896,-4.506798,-3.177588,5.6625533,-1.3265738,0.27806118,3.122015,0.5272361,-4.067899,-0.45447528,-0.6436886,-0.3486105,8.806201,0.77952313,-2.8742566,-3.9242134,-4.76641,-3.7728748,-2.9493966,1.1850502,-8.872101,5.5891514,-2.8949785,2.7410107,3.509955,-1.7676601,2.6475427,-3.3944166,0.74651825,-1.249286,4.7787256
Lu,-2.9986334,-0.09874569,-4.366457,1.4839544,-0.5874775,-0.36966628,2.2358797,0.96168345,5.4032774,3.0482204,-4.667537,2.5519266,-1.3862852,5.229351,-1.7578596,0.21567261,-0.2432315,-5.5494914,-2.1110857,-2.92241,0.049266763,-0.27783567,-2.0838842,0.36471385,6.490889,3.961039,2.0648441,-0.43627283,-8.206182,0.9432714,2.318179,1.4997575,0.8496435,-4.892189,-2.4558036,-3.9427645,10.154345,1.8308326,-1.2986128,0.22209822,1.2896038,-6.2566943,-0.36647734,-2.6896272,-0.16562343,2.7020328,2.020395,-1.6266166,-0.23528542,-3.0443735,-2.5108285,-1.2469114,-0.7549708,-6.109558,4.313486,1.3843874,0.9952891,3.2695596,-4.510268,2.586434,-0.8926381,2.7912345,-2.373601,0.028786339
Hf,-3.6870747,-0.12467123,-5.016171,2.8551986,-1.75061,-1.540232,4.280928,-0.2909287,6.5925007,3.6724188,-5.6201434,2.9425414,-2.9832406,2.6697888,1.30291,-0.2558078,0.12873216,-4.188975,-1.3537344,-0.09885498,1.2497778,-0.89423853,-1.3236572,-0.7373072,7.1531425,-0.2957607,2.9813962,-1.2670441,-8.70584,0.09758791,-0.75476074,3.0315578,-0.85999477,-3.8737204,-4.857781,-2.8445039,6.579762,0.95679784,-3.4782987,-1.1524563,1.5886511,-1.9394119,-2.1378767,-1.1891799,-1.645327,1.5905024,1.4631457,1.1952033,-0.19090106,-0.91774553,-0.8104264,0.20708591,-1.7316521,-3.168242,4.99033,1.4215504,-1.0518234,-0.5183722,0.52241004,1.8016227,-0.4052493,4.5826497,-1.0851891,-0.3842383
Ta,-5.779657,0.39935297,-1.525581,2.7215946,-3.695378,-0.42753318,3.8392668,-1.8662593,5.7278523,0.39267275,-5.9109545,1.4508778,-4.4100766,2.9923046,0.94193244,0.3707795,1.4935187,-1.0268197,-2.9112828,0.48422197,-2.4062736,-0.98250633,-1.1302258,-2.4204845,9.411202,-2.2114396,-0.3051155,-2.691583,-7.233647,1.2830989,-0.6249459,3.3429234,0.32449788,0.56671745,-5.3219776,1.043923,3.3556268,-0.54218763,-3.693228,-1.074547,1.3575323,-4.593582,-3.921127,0.09127643,-1.4900719,1.9504446,3.5263877,5.3641815,0.0018488758,-0.31553006,0.3904213,3.1027677,-1.571379,-3.237489,3.5733836,2.5327334,-3.6622689,-0.16155402,-0.18458398,4.2373996,-1.4845544,4.054508,0.19066685,-0.9998455
W,-3.535339,-0.16091749,-2.366786,2.7253222,-1.9916456,0.3176158,3.2845783,-1.11639,6.3642406,0.9754006,-7.002353,0.065003216,-5.359464,2.433555,0.21646768,0.06442236,0.6096343,-1.0796115,0.8229226,2.0053108,-3.4309378,-0.6469952,0.7062581,-4.0929856,6.432298,0.20827696,-0.22729509,0.48770234,-3.330745,-0.6558105,0.05944584,-1.7045276,3.7577415,3.3081582,-0.46807963,-0.5559958,1.9905957,3.138232,0.40354815,-3.6377168,1.6021872,-3.8042777,-8.512141,-0.9348883,-3.2504904,1.1667144,3.8349159,5.5185947,3.9828632,-5.13558,2.1308446,4.612107,-1.7751875,-0.60221356,2.0410783,-0.06623626,-1.1849934,-1.0663,1.3384956,0.32802704,-0.97525525,3.7273736,-3.199961,3.100448
Re,-3.6313765,3.9312456,-1.8491558,3.0804152,-5.6154494,-0.40746436,2.1261544,-4.326098,6.5182657,1.7085335,-8.255583,-4.456937,-1.6280316,-1.5555946,-2.4818964,3.1161683,-2.5657253,-0.2288862,-1.536282,0.22347055,-4.8879194,-4.197219,-2.8009672,-2.6828346,7.27004,-2.6700015,-1.5359226,-2.0908067,-1.4023851,3.107563,0.7155834,-0.58109736,2.7479415,2.9573832,-1.6568998,1.0163729,-1.4688373,-0.8939675,2.617023,-2.1190147,4.4823217,0.3564112,-3.7975602,1.1675131,0.20822874,4.415971,1.4998918,0.7433431,-0.7272363,-2.271757,3.4818022,4.841097,-3.8676753,-2.9895945,0.42225158,-0.67619133,-2.8955286,0.43258885,-0.02730926,-1.7226483,0.34162676,3.7691488,1.1997561,1.4075338
Os,-1.8858781,4.3112674,-2.8401618,2.5894701,-2.4865086,2.510053,3.412995,-4.158229,6.209723,0.49118868,-9.894919,-5.716515,-3.2339034,3.3086185,-1.4963604,-1.1415569,-3.6414182,0.40218836,1.1464972,-0.22882633,-5.885313,-6.7187166,0.50483906,0.08132012,5.1082616,-1.0683706,-3.075981,2.0907228,0.12514427,4.7934647,1.9209671,1.9903034,7.4322834,5.7909927,2.636464,-0.5907964,-1.4172369,-0.8077153,-1.4022156,-1.4213114,5.020365,-2.0105557,-3.7156603,3.2466269,-0.15009001,3.348375,1.9546909,-5.992735,0.5481642,-1.2375209,2.340482,2.2098675,-3.2290497,-1.4859215,0.44537762,-0.16449702,-3.0323298,-1.9440998,-1.6918777,0.03904546,-0.6130073,4.3503284,0.70957106,0.5690213
Ir,-2.5144753,0.78291506,-4.0855246,2.4538171,-2.9510226,2.855265,3.644951,-4.105536,5.4307523,0.055829596,-9.202145,-5.4938455,-2.0602343,3.617852,1.3090683,-2.8797054,-2.1481266,-0.69605637,1.1714537,-1.7205352,-5.820774,-8.401556,4.263931,1.9751095,6.6245503,-3.354996,-3.7718801,1.1107554,-1.1381235,6.99765,1.5484139,1.1064497,7.2212176,6.100138,6.920979,-0.6875247,-3.3806043,0.21796423,1.5373735,-2.0827363,-0.31682494,-0.2196015,-6.5274253,5.462167,-0.17570637,-1.7412801,3.5997994,-6.3847075,4.201804,-3.1047435,-1.3572606,-0.7856622,-0.82787985,-0.0067016366,2.3781576,0.17439541,-4.128841,-1.834537,-1.2717683,-0.5612302,1.6039838,5.8761563,1.5707581,2.670355
Pt,-2.7283633,-0.7237202,-3.7121718,2.3257008,-0.84688896,2.06819,0.57714885,-3.3229263,6.9057837,-0.59035355,-8.170221,-6.2903695,-5.9408336,0.26876032,-0.23239627,-4.507195,-2.4932218,1.739581,0.17946771,-3.5336263,-4.538124,-4.6377797,4.1025853,-0.69641054,6.415871,-2.9505613,-3.689813,-0.79627275,-0.27218086,6.022247,1.7452692,2.6253824,9.830393,4.7952914,9.290831,1.2001429,-3.2735984,-1.5445302,1.4900547,1.3902829,0.92986155,-3.719939,-3.709473,5.3168406,2.3783498,-1.2321037,1.3720753,-6.7062798,4.1972218,-3.9084363,0.8820412,-2.0169852,0.3305197,-1.1400621,5.132132,2.10647,-3.686847,-1.3906095,-4.137573,-0.4837276,3.0639062,5.017485,0.28830564,2.3841035
Au,-0.9186107,0.29632682,-5.5764484,0.87545884,-0.41479757,4.83939,0.681518,-4.232023,5.8153186,-1.7096179,-9.241203,-4.58858,-4.2458377,0.063518204,0.91364473,-3.5641253,-2.3913279,2.415639,0.5787594,-4.046088,-2.691264,-4.8082337,2.2305357,-0.23706686,8.778742,-4.7812138,-3.72298,2.024325,0.5414605,4.2941623,3.5768096,3.818456,4.292774,3.014401,14.122522,-1.0817337,-1.4819937,-1.828508,0.40364587,2.3316019,-2.5675402,-1.3945754,-1.0597221,6.6557574,1.7541488,-3.492175,1.4698181,-3.3130374,3.7378676,-1.6988938,-1.9088649,-3.6281056,-0.23384073,-3.1158838,5.7303257,-0.021574834,-6.561098,-0.7688907,-6.812185,-3.929061,2.5664947,8.679496,-2.8079638,1.5461893
Hg,1.7097225,0.119710684,-1.7282568,3.8855536,0.5245303,2.4361582,1.7331874,-2.7801166,10.985451,1.1152246,-8.092127,-0.15095983,-2.9603415,2.2259321,-1.5573899,1.9013828,2.6733637,0.6733102,4.108595,-1.2956867,-0.12303151,-4.3584986,0.21434009,-1.1648929,8.601858,-0.7078712,2.2675645,0.87356496,1.266699,5.727203,7.896505,-0.04903593,6.138143,4.566933,8.400788,-1.4066733,1.2798605,0.8095727,1.5364239,-0.9120336,-1.20583,-2.1801763,2.6437685,5.1527586,0.8075311,-0.106019,-1.2608823,0.0020254392,4.6549125,-1.3359245,-3.3210864,-6.214595,-4.165817,-1.3421613,5.1095524,-3.9271917,-7.2765665,-0.11520683,-4.901778,1.0085086,1.4268728,7.221003,-3.4414175,3.173261
Tl,0.46902335,-2.867056,-0.9127668,1.3536674,0.28156704,1.8546388,2.1150513,0.974801,10.763874,3.8414812,-6.883099,-3.5617712,-3.464569,3.1023316,-3.2023091,2.3444953,-0.8826022,3.7750597,5.4106603,-3.3600721,-3.7407415,-0.60984176,0.41388822,4.071448,3.4135797,1.4270058,0.13897888,-3.5105286,-2.1258008,1.6864727,0.009704458,-0.32031173,2.592343,2.8945205,3.8042192,1.2673422,3.7209814,-1.0418434,0.7045125,-2.0611377,-2.9563122,-0.46518135,-2.063408,2.778024,-1.8175617,1.2217577,0.71644205,1.3045337,5.174669,2.2311177,1.455255,-0.59044886,-2.2042863,-3.213185,4.643337,2.252979,-2.9048822,-7.2746277,-3.0968242,0.05748951,3.2684207,8.874724,-1.6863097,-1.9155607
Pb,-4.094236,-2.2543283,-1.1039253,5.1490564,-1.2149074,3.4464943,3.5105429,-0.9254563,10.730491,2.2334895,-7.0108495,-3.4893415,-0.5158669,3.9003077,-2.695868,-0.25210893,0.4722611,5.2196803,4.658782,-4.2324467,-1.4112535,-0.8944998,0.37742043,4.4396706,3.0151534,5.1459084,-1.9937414,-1.461862,1.381421,3.517677,0.39715594,0.4119149,0.20714816,3.5394855,7.563339,-0.41256744,3.6951523,1.826229,1.5300375,1.3425596,-2.6348357,-0.0055242213,-2.0406818,1.437348,-2.3919349,0.78207487,-0.3981953,0.7732413,4.6836348,-0.110851586,-1.7115109,4.6001377,-1.0845788,-5.7185397,1.4134136,-0.02853385,-3.6705453,-1.5557255,-1.8910699,-3.164319,2.3332484,8.054144,0.7696613,-0.74606824
Bi,-4.1033564,0.8981818,-3.0573921,3.3013744,0.12871046,4.548363,0.71668905,-3.6247733,11.114952,2.9578571,-6.045226,-1.422027,0.025445784,0.19698502,-1.6300781,1.9757739,2.1617606,4.0069327,1.9499915,-5.3103433,-0.76555175,-1.3304073,1.7306778,2.1419969,4.5025697,3.0750232,-1.3311741,-0.6210586,-1.9855129,0.8316495,1.5777634,-1.6716212,0.0639016,4.8447723,6.1698723,-3.4198089,1.3721572,4.0947933,2.4970844,2.0282826,-1.3150177,-1.5858247,-4.169598,1.0880023,-2.9261289,-0.6144705,-0.29672045,5.1520057,5.960957,-3.3794487,0.29806352,2.700198,0.22025158,-3.4344804,-2.2872827,-4.526683,-4.9392653,1.6835209,-2.7059286,-4.290672,1.5648206,6.592241,1.4097525,0.018139893
Ac,-0.26653275,1.9091539,0.39759275,-0.08595868,-1.6344047,1.352098,-2.8523917,1.7299823,8.432569,3.6687014,-4.168248,-2.3273027,-3.695052,5.48572,-2.9721935,-0.39206,2.0220222,2.074152,-1.0235,-7.4336,2.3765264,0.8994866,3.708735,4.5208917,5.618365,4.134661,3.4856489,-1.3353348,-5.071371,0.6994429,4.6581955,-5.0887337,-6.713352,-3.4992545,-4.886893,-2.312635,11.385752,2.415142,2.3687239,3.1534946,4.7274995,0.62094915,-0.10702426,-4.2303233,2.1865985,6.975519,-1.5006889,-4.9080634,2.0849013,1.0062717,-1.8785975,2.0567722,-1.5473489,-3.855118,4.6765614,0.043404076,4.9462986,1.4854633,-0.09330077,-1.114545,2.5926325,1.0910493,-4.3317256,2.6452227
Th,-4.1886716,1.3438947,-1.741827,2.1126122,0.51766753,1.3746604,1.4487687,-1.5445086,7.282585,0.17673576,-3.9960368,1.3335493,-2.5431008,2.3402743,0.303857,0.120594874,3.3455014,-0.6668284,-0.25171685,-3.407216,0.64310086,-0.26365563,0.14341715,0.92258775,5.9783034,5.3010006,1.5440573,-0.9450031,-9.446793,3.2243428,0.55797505,-2.9932995,-2.9787383,-2.7230155,-5.138923,1.4557259,9.965228,3.467861,-1.6853418,0.7932156,5.7567086,-1.5797703,-0.85914654,-3.2517128,1.3007156,4.3038945,1.846206,-3.3543432,1.9229398,-1.0474647,-2.956981,1.5228853,-2.357439,-4.880515,4.181999,0.29071274,2.1949425,1.8135265,1.3573232,-0.91765517,0.9471653,2.2208982,-3.1908653,2.4532795
Pa,-7.283019,1.2487967,-1.8556368,0.33416733,1.2780651,1.7130638,3.0926776,-2.9417415,7.6010027,0.5932044,-4.6499405,1.2095453,-5.496663,1.5607401,-1.2775636,1.8915484,3.6066215,-0.83723384,-2.1137261,-1.2158278,2.0241957,-0.13024753,-3.012488,3.4378712,6.5829988,3.865145,2.7859504,-1.1821619,-8.659439,-0.5795078,0.5177753,-0.90185744,-5.3394914,-2.380513,-7.220418,2.8052242,9.434715,2.975418,-5.5200276,-2.4477046,4.3650985,-2.0652127,-3.970594,-2.9736946,0.85011524,5.3781657,1.0618504,-5.216043,-0.3814463,0.5555558,-0.6907445,2.3295715,1.6978123,-4.6289372,5.136818,1.286714,-0.11631344,-0.8405388,-0.60926616,-1.0102177,1.5736048,0.9820705,-0.7857116,4.739323
U,-7.791117,-0.15900894,-11.385344,2.4318266,2.816643,2.0002396,2.7596934,-0.9804445,8.236139,-1.018581,-6.05255,-3.4273264,-4.692298,-0.066827826,-3.3109744,1.1908998,4.2101126,-4.963156,-6.053865,-3.0122333,-1.627701,-1.5310073,-4.4468374,-0.49337232,7.9814754,4.4208364,1.8186344,-1.2322712,-15.191244,-0.25433213,-0.5978721,-1.8726783,-3.291654,-0.57379633,-7.1257515,2.8544478,12.351506,3.05946,-4.307132,-4.9608026,4.289,-2.521475,-4.012976,-1.4150934,1.7708029,3.635486,1.1774958,-4.124051,-1.421457,-2.111255,0.75984615,0.38440916,-1.736772,-9.418786,3.427727,-1.5555674,1.2918655,-0.8007619,-6.0095615,1.7471116,0.6922866,-0.96033204,-0.51924044,7.6459503
Np,-5.4298453,3.060346,-5.638356,-0.27030435,2.0094233,0.5958174,6.6821227,-0.9775108,8.099693,-3.7603436,-5.586787,-3.8812728,-3.4564617,-1.3164058,-1.0815284,0.35868376,0.2731841,-5.110217,-5.007717,0.642176,0.6773635,-2.2824085,-3.0307956,8.6855955,12.315017,6.829802,2.210229,-2.497295,-12.175341,-2.622423,0.96790344,1.7221696,-2.2754707,0.18830271,-7.9131837,1.7730267,10.090737,4.480378,0.1433576,-3.560976,10.925615,-4.3445406,-3.7934852,-0.4523797,-1.0945804,6.155711,-0.40743715,-7.4280953,1.3015634,2.5534854,3.5510952,4.926715,6.531976,-2.4696465,4.981321,-4.164529,3.0082295,-3.0091858,-6.0081773,-1.0082924,0.7016052,-0.739058,-1.1042911,5.1402674
Pu,-6.3621154,3.4275615,-9.72748,-3.569421,1.1632421,2.4845808,-2.273079,4.102092,9.181739,-3.035663,-5.029299,-6.444459,-4.6723967,-0.16666558,-1.7460825,-3.2506595,3.5236974,-7.217851,-1.8774987,-3.6508641,-0.4835268,-3.158881,-4.2345867,-1.3057612,6.1203256,7.710652,-5.223158,5.0051785,-11.579104,-0.8772817,-0.09865898,-4.839204,-11.941029,-0.16360255,-8.615195,-3.4235268,3.6674986,-0.08160496,-1.4847261,-3.9783168,1.6249167,-1.7590276,-5.9192567,0.3894174,5.7550883,5.8082323,-0.19036625,-3.119739,-0.42432183,1.4076744,-2.030363,8.216415,-0.85147387,-11.138421,2.3871644,-5.335265,3.330444,-3.7144816,-4.725334,-3.2770312,0.45144913,-1.8801278,9.155046,1.0333918
